,A,B,C,D
2000-01-01,-0.532692432035,0.434166266768,0.490687286596,-0.957634587045
2000-01-02,-2.33868115316,1.60208129225,0.577825773291,0.207279949315
2000-01-03,-1.00885307922,3.02952390654,-0.522545358263,0.330052779164
2000-01-04,-0.241769050867,1.61988032769,0.68860977598,0.590913311595
2000-01-05,-0.852721728362,2.00779160668,0.848123576647,-0.195928297728
2000-01-06,-0.540462384261,1.80955178511,0.788293503744,1.42992657099
2000-01-07,-0.000127008078361,0.135736927427,1.5857672418,2.91698462825
2000-01-08,-0.993069799398,0.315095178018,2.47608548126,0.889683604087
2000-01-09,-2.18624727795,0.284874052402,2.06899378735,1.85978658163
2000-01-10,-1.74582298971,1.44494298606,1.31707504904,2.96220554484
2000-01-11,-1.33354825436,0.155485748825,0.755658448333,1.78211707288
2000-01-12,-0.0129936143958,0.766997355221,-0.415773725526,0.924780466889
2000-01-13,0.450919571654,0.847805366097,0.679612334861,1.0891741168
2000-01-14,1.43623817633,2.27144356265,-0.685416583104,1.424291823
2000-01-15,2.32076664923,2.71822706114,-0.0583535055069,1.53768684139
2000-01-16,2.93732160384,1.69105464095,0.761142313908,1.64893176031
2000-01-17,4.48298394027,0.553812741278,-0.19094422011,1.46411146572
2000-01-18,3.79462216592,1.82417906939,0.843758412577,-0.420781936613
2000-01-19,3.55415291967,1.73741283183,-0.311169031405,-0.838245223092
2000-01-20,2.94814448868,0.964423797711,-0.265611935169,-1.63704995872
2000-01-21,2.79039510936,2.3769916957,-0.814588763644,-0.764806913259
2000-01-22,3.44392608123,3.1681889867,-1.67317079026,0.240054163088
2000-01-23,2.91651132596,3.09832644233,-2.18185067612,-0.783940964308
2000-01-24,3.05978226588,3.72456863253,-2.50609454785,-0.325782053641
2000-01-25,4.2222338093,4.73847049137,-3.37332555411,-0.713521246035
2000-01-26,4.5008355176,3.83800598172,-3.53014665878,-0.0463126672412
2000-01-27,6.63278614369,3.66224307548,-4.06237152504,1.00475421153
2000-01-28,6.28165009885,5.1999767653,-4.33665864241,1.68064969206
2000-01-29,6.84913783814,5.64825307558,-5.60935742294,-0.242472557719
2000-01-30,7.46503964921,4.32514463865,-6.68539856521,-0.537274861333
2000-01-31,6.4794510274,5.39927203764,-6.36532372459,-0.398445773617
2000-02-01,3.51971559555,6.1223173131,-6.66077424705,-0.54444016173
2000-02-02,5.06664679421,4.89550630778,-9.28759471468,0.963793769221
2000-02-03,6.47048865912,4.37350157541,-9.35776488249,-0.177873272461
2000-02-04,6.62336352283,4.83741998835,-10.7663293652,-0.293616661465
2000-02-05,6.51201809817,5.11417023453,-11.1391936232,0.0585996114005
2000-02-06,7.43202825476,4.8860043636,-10.382113271,0.548800019812
2000-02-07,6.49789896083,5.36658099863,-12.6217578209,1.63791768152
2000-02-08,6.32518224714,4.42704066142,-10.9908513706,2.33513589672
2000-02-09,5.97244955601,2.55002192338,-12.3639155251,0.986223630263
2000-02-10,6.93249976869,3.04655596756,-11.2708176809,0.932493447896
2000-02-11,5.17696978713,4.03155458749,-11.3144672047,0.600688161544
2000-02-12,5.04376740001,4.6622571126,-11.5587657933,1.64534443038
2000-02-13,3.15670417949,5.34817171839,-12.4378252875,2.22303157552
2000-02-14,3.78451299548,5.50157760984,-12.7573895132,1.92242531545
2000-02-15,3.96983280996,7.02832811573,-12.6733052202,2.62359719237
2000-02-16,3.9726447315,7.75397715014,-14.2474294347,2.43415161158
2000-02-17,5.21195629754,8.99119190586,-12.4872661821,2.98281720223
2000-02-18,5.1275627622,9.51485138224,-10.8085820822,2.80702553541
2000-02-19,6.24213561967,9.50116493985,-10.7000037333,3.07353501849
2000-02-20,8.99170935957,9.526703045,-10.9160660652,3.39892452334
2000-02-21,9.73486474242,9.07789447979,-11.6048436736,2.83758895829
2000-02-22,10.5029055745,9.61125153969,-12.2941443732,3.37211941025
2000-02-23,11.3209942025,9.68644025644,-12.164953796,2.41362144028
2000-02-24,11.2785021808,10.3034080434,-12.8251605543,2.22513755094
2000-02-25,11.6507260614,10.0856429771,-15.7987080069,3.0466131195
2000-02-26,11.6304091958,8.25651686657,-16.0380287237,3.44597768624
2000-02-27,12.1401249068,7.36385591244,-14.8127172528,2.77755135969
2000-02-28,11.4613840794,8.21685725693,-15.9349580476,2.66938227767
2000-02-29,10.216941849,7.8357476376,-14.5069509338,2.28821583527
2000-03-01,10.2233052645,7.65522809795,-15.5384403986,3.12874935357
2000-03-02,10.977902581,8.1322056187,-16.9123466876,3.18438849616
2000-03-03,10.8049342945,9.48667967608,-17.7435774372,2.76308799388
2000-03-04,10.0324065346,9.07468089631,-19.2499603856,-0.19671163369
2000-03-05,10.1075810809,9.41900509122,-17.9971229922,-0.417414903241
2000-03-06,9.79643339848,8.905625167,-18.7573103083,-0.368293390706
2000-03-07,9.21015261261,8.33152731176,-18.4055492294,-2.01683398126
2000-03-08,9.63516559522,8.14868271273,-18.9934228442,-2.1822180519
2000-03-09,8.36698137178,8.41017735027,-20.0440909978,-3.30823857515
2000-03-10,9.32305649153,6.08852132653,-18.9968880274,-4.28102653245
2000-03-11,9.56574922827,5.47877395429,-18.4845461898,-5.56763983673
2000-03-12,8.68150968981,4.73750381628,-18.9586608746,-4.33660101292
2000-03-13,8.9704267157,4.53368036951,-16.5979468494,-4.73419071926
2000-03-14,8.25781141813,4.95754243299,-17.4110428793,-4.50469371537
2000-03-15,9.83318352978,6.15229110845,-18.4948365475,-3.71659455884
2000-03-16,10.7212824653,6.43526818621,-18.5894140568,-3.60654814723
2000-03-17,10.6613620952,6.8397255076,-16.6880380877,-2.35241133014
2000-03-18,9.83604514399,7.55066120571,-16.2718226425,-1.48280425559
2000-03-19,8.46411896125,8.85341125816,-15.3694887659,-0.0614889117764
2000-03-20,5.2702138221,9.14445543011,-14.5377531999,-0.235088598336
2000-03-21,5.35702234099,9.53299486609,-16.6429067995,-0.212646435543
2000-03-22,3.77568265871,7.74826373995,-16.7921603316,1.23385269388
2000-03-23,2.39345205964,7.54968120609,-16.5653325219,2.42317656433
2000-03-24,3.17453031251,9.21139684226,-17.5255434132,2.90775870716
2000-03-25,2.29576967017,8.27158635276,-19.389479256,2.30927948793
2000-03-26,4.18754180565,8.24483294597,-18.5084832898,1.95672623102
2000-03-27,3.76496138251,8.17042428292,-17.5578763849,1.81483961455
2000-03-28,3.9073889818,7.42370649231,-15.3925476962,1.54318675623
2000-03-29,2.86277301918,6.86029115179,-13.8106748926,0.743305435389
2000-03-30,1.89762991072,5.29893305915,-14.1077488164,1.12348732336
2000-03-31,2.65899742042,6.87978698063,-13.182546429,1.4240046675
2000-04-01,2.61250158791,6.21058207707,-12.6779926256,1.04829233889
2000-04-02,1.91928911633,4.2837762558,-12.5473412224,0.33015686812
2000-04-03,2.41623415213,2.25695049162,-11.0761583586,1.67907543719
2000-04-04,4.43540192935,2.79660321919,-11.1913533591,1.95348159195
2000-04-05,4.40292142069,2.44982018079,-12.8604232662,2.51859044493
2000-04-06,5.5096550728,1.08862244642,-13.6038368321,2.08557288569
2000-04-07,3.8169328047,1.69694194192,-12.4400611697,2.01437649973
2000-04-08,3.88572015864,0.0388814628281,-11.3235868375,1.09507115954
2000-04-09,4.60208072534,-1.22679591124,-11.7786307519,-0.239031985391
2000-04-10,3.69151660643,0.496621692675,-12.550575524,-0.0265552410703
2000-04-11,2.39173343758,1.5856711712,-14.1876176493,-0.784100176049
2000-04-12,2.65923886377,1.57542310182,-16.8877468929,-1.65919918784
2000-04-13,3.50233160162,0.790276831134,-17.3093762781,-2.23549040031
2000-04-14,2.85483799114,0.574033875541,-17.7299564375,-1.58137001034
2000-04-15,3.4611991676,-0.321281747442,-18.1798841741,-0.646808992303
2000-04-16,4.16938410292,-0.185580727039,-17.2123205341,0.410156009801
2000-04-17,4.78908012101,0.39900427499,-15.9188963893,-0.18494363884
2000-04-18,6.35592974871,0.0529924537641,-14.2145386326,-0.814638862356
2000-04-19,6.39200862221,0.523977893962,-13.9476407155,-1.96957160284
2000-04-20,6.73651332982,-0.291988871616,-13.37039012,-1.67518459072
2000-04-21,6.17057422808,-1.37534885323,-11.4819759417,-0.964216849646
2000-04-22,7.4469864073,-0.712415824955,-11.5994002043,-1.62813824075
2000-04-23,7.94163121718,-0.624305853105,-10.1002088423,-1.99763791039
2000-04-24,8.05738090153,-2.6542685739,-10.4384613107,-2.42633533329
2000-04-25,8.15225077287,-0.797311992912,-11.0495338139,-2.12084553812
2000-04-26,7.98322581447,-1.92773953231,-10.8666846895,-1.75677728552
2000-04-27,7.23912050842,-1.11305494611,-11.012581153,-3.7932262168
2000-04-28,7.33893769421,0.546433570653,-10.5504866065,-4.37126641683
2000-04-29,8.12617690298,-0.308274809489,-11.0680232754,-5.47657900484
2000-04-30,7.5632711028,-1.7929409621,-11.5027901311,-3.58927163727
2000-05-01,8.36431504341,-1.64652236101,-11.3576159845,-2.82006406028
2000-05-02,7.91080703144,-2.40500775574,-11.1782042839,-2.97724259325
2000-05-03,7.91367871939,-3.55086864669,-11.1797395224,-1.96892610245
2000-05-04,7.70375035507,-4.37569477288,-9.55033938967,-2.56448499545
2000-05-05,6.31762709088,-4.28974362981,-10.2184349645,-4.63450988166
2000-05-06,7.50593467124,-3.63807629703,-11.2924621855,-4.16057601825
2000-05-07,7.55917654499,-4.25876152413,-10.1968017648,-3.57917711458
2000-05-08,6.77565042338,-3.03829200277,-11.2765770506,-4.02656002245
2000-05-09,7.64540639625,-3.14025910812,-9.53753493379,-2.80729441968
2000-05-10,6.41234918233,-3.38882146479,-8.9954708426,-3.20481017936
2000-05-11,7.97222010296,-3.88011711047,-8.76682366786,-2.10518033453
2000-05-12,9.19808304137,-3.52712765177,-8.04251507177,-3.21660692918
2000-05-13,9.13131550556,-4.98202962585,-7.51293678152,-3.73613952941
2000-05-14,8.40223816102,-2.71263711024,-6.59454333437,-4.8459297514
2000-05-15,8.77511884255,-4.28289667507,-7.29709715662,-4.12359320758
2000-05-16,8.43243537142,-5.5058192647,-7.96783771414,-4.36165338911
2000-05-17,8.56236634238,-6.67246407293,-7.78593576158,-4.36062287315
2000-05-18,9.41279041397,-6.27057636963,-6.94992564507,-3.71518102264
2000-05-19,7.7676659472,-5.17705347302,-8.11402654546,-4.14114208104
2000-05-20,8.44807115493,-6.54320037695,-8.56433383655,-5.45908332498
2000-05-21,6.86940887714,-6.97681728088,-7.79864642975,-6.60911041812
2000-05-22,6.33390326672,-7.4188928466,-7.38025881533,-6.18917074253
2000-05-23,7.83356943802,-7.13127498664,-8.86864507911,-8.05451305954
2000-05-24,4.7076630123,-6.63946244092,-7.39013527841,-7.53677181656
2000-05-25,4.65031034022,-7.15071468011,-7.05124853605,-7.59027240672
2000-05-26,3.7522884754,-8.08075277773,-8.72455508978,-8.97231327695
2000-05-27,3.91097521276,-8.78725191141,-9.50651087746,-8.71446789321
2000-05-28,4.73911748344,-9.18712514765,-9.70157256207,-8.61390541957
2000-05-29,5.32054622409,-9.6472325791,-9.1994193567,-8.55904557396
2000-05-30,6.09455804587,-9.68916662128,-9.2367580017,-10.2796358093
2000-05-31,5.20243017518,-8.94641139748,-7.89191515264,-9.3489590595
2000-06-01,5.66276449085,-9.46851209901,-8.46787772093,-9.34993259329
2000-06-02,5.53057165117,-10.727225826,-9.24493897119,-10.4835925784
2000-06-03,6.05579534046,-11.7334912297,-10.5779237574,-12.1768764106
2000-06-04,6.1654474677,-11.2854875506,-10.8566216016,-13.4888433159
2000-06-05,8.78036196022,-13.0865064989,-10.6389569606,-13.6216362077
2000-06-06,8.05654711677,-13.7655501816,-8.7881823512,-14.3394367063
2000-06-07,8.05259058337,-14.0691864582,-8.39080440327,-17.2437329734
2000-06-08,8.02961120508,-13.1480336237,-9.00634951481,-16.8017685768
2000-06-09,7.90200578552,-13.9299008261,-8.24647859314,-16.6591495773
2000-06-10,8.29611509993,-14.0095016766,-7.66247188514,-16.1063558444
2000-06-11,8.4921954569,-13.353411273,-7.1272265221,-15.763151886
2000-06-12,8.83604011375,-13.4012518742,-8.61699281913,-17.5116266579
2000-06-13,9.9947696833,-13.2839648928,-8.1904062587,-16.6050545744
2000-06-14,8.36164933427,-15.7857024569,-7.01814368008,-17.8124476952
2000-06-15,10.4004576691,-14.8195092903,-6.31352485794,-18.3630529298
2000-06-16,10.8418917967,-13.8157596915,-7.2480983136,-19.1427052532
2000-06-17,9.27322030402,-13.8571123447,-7.29210413618,-20.1083032522
2000-06-18,9.49056648826,-13.4709497837,-8.12702154819,-20.5177508662
2000-06-19,8.78565059626,-12.0902434684,-6.83193241167,-19.7895878687
2000-06-20,8.03365317845,-11.5350033935,-8.24934621669,-19.0251021933
2000-06-21,6.81285642805,-10.8283502893,-7.90987221609,-19.0604670425
2000-06-22,6.84515835255,-10.7878834089,-7.57585482687,-18.0421735959
2000-06-23,6.12882692567,-9.67683246448,-7.44416053076,-18.8327588037
2000-06-24,7.68015624458,-9.91752609143,-8.31113429622,-19.5359821478
2000-06-25,6.83802914142,-9.7942540405,-8.54617223017,-18.2741767455
2000-06-26,7.93793074661,-10.5087182583,-9.18742883271,-18.3531185161
2000-06-27,7.76898963789,-9.92061069073,-9.11840854441,-18.5207933346
2000-06-28,8.16608105018,-9.85001466597,-9.49947459751,-19.4080392381
2000-06-29,7.9029433464,-11.9370312867,-11.5698553749,-18.3437046478
2000-06-30,9.10758114319,-11.265409379,-12.1838698131,-19.9178752542
2000-07-01,7.92285512279,-10.52709591,-11.9454843557,-18.8358945372
2000-07-02,10.3987692716,-9.80975077592,-12.3979720293,-19.4147701775
2000-07-03,10.6013873808,-9.48678076309,-12.4410534373,-19.380610115
2000-07-04,10.6701649547,-9.87644074664,-11.6385669546,-19.9515568779
2000-07-05,11.8643007811,-13.5836501503,-12.2826616653,-19.2604797531
2000-07-06,10.5893885416,-12.8613966846,-11.3004168424,-19.3458069557
2000-07-07,11.5363255753,-13.9207041424,-11.5504768229,-19.5136003573
2000-07-08,10.2353844844,-14.8324579488,-10.3989754634,-19.7026628962
2000-07-09,11.9897228772,-13.5681743422,-10.2690440927,-17.0067381164
2000-07-10,12.1823548149,-14.0725331738,-8.94574666857,-16.2991162459
2000-07-11,12.5674431719,-12.6942691161,-9.56224418967,-15.5631536585
2000-07-12,12.1960671636,-13.7719431248,-9.17733043702,-16.4924520584
2000-07-13,11.9022965492,-14.1258036667,-9.04370624629,-16.3483669263
2000-07-14,11.8545316645,-14.575218409,-10.1220541963,-15.7272888533
2000-07-15,10.5864063207,-12.5765963872,-9.40613990125,-15.4732245989
2000-07-16,11.4675973566,-13.0788427162,-8.78907370768,-15.9858502999
2000-07-17,11.9812108737,-14.108528248,-10.3245919764,-16.641308305
2000-07-18,12.987954955,-13.0006093742,-9.98997778006,-16.3582272471
2000-07-19,12.5808007397,-13.7896248201,-9.69613881762,-17.233404348
2000-07-20,11.4319494544,-12.5851966368,-9.64253502735,-18.0619734475
2000-07-21,11.4307559051,-11.8033604636,-9.71673585177,-18.3267633447
2000-07-22,10.7763948125,-12.6276932718,-9.53073105036,-18.9693008591
2000-07-23,10.8531562016,-11.8225001543,-9.91835915245,-18.547034209
2000-07-24,11.1287844402,-13.4349809464,-10.6651708071,-19.5014147733
2000-07-25,12.3068059249,-13.2861003061,-9.5125696389,-18.8328223253
2000-07-26,11.5099916791,-13.4786785868,-9.17716032828,-19.0690631907
2000-07-27,11.8141589751,-12.1938037826,-9.06631983648,-20.235116628
2000-07-28,12.2443941232,-13.2001709304,-11.3018316651,-20.5957562031
2000-07-29,12.666584039,-13.1621727728,-11.243731934,-19.3391718853
2000-07-30,11.7403437056,-12.9744179039,-11.8049757579,-20.138363078
2000-07-31,8.86976705348,-13.1988851498,-9.63772287943,-20.8460514873
2000-08-01,8.24190843715,-12.9033260677,-9.1350686003,-20.3320752092
2000-08-02,8.84255866702,-14.327385392,-9.55661199446,-20.4132550677
2000-08-03,9.37779459418,-15.7458591581,-9.31992623136,-19.8671039203
2000-08-04,8.38943585881,-15.1841091925,-9.41209491987,-20.2751408709
2000-08-05,8.44556787981,-16.2359997403,-10.6506360529,-20.577845102
2000-08-06,10.5624482286,-16.0442305528,-10.4524842951,-20.9126880547
2000-08-07,8.94721901367,-17.1579920779,-10.4977367642,-21.7633752854
2000-08-08,9.78965055277,-16.3408354061,-10.2220477881,-22.1773400972
2000-08-09,9.6603761371,-17.152269145,-9.17540691585,-22.034964472
2000-08-10,9.98276569643,-18.3884026082,-9.7861198983,-22.1614711163
2000-08-11,11.2276690784,-17.6969255648,-9.48719811458,-21.7752885709
2000-08-12,8.52427580699,-18.2413846315,-9.85813605764,-23.1845369335
2000-08-13,9.29546697575,-19.8336734655,-9.86947770058,-24.4934917432
2000-08-14,7.83822329667,-20.7076954035,-10.2332342195,-23.5351588191
2000-08-15,10.1346757623,-20.3195242391,-9.22633247861,-23.2682525594
2000-08-16,10.4131866478,-19.7267017876,-9.185285659,-21.1344391798
2000-08-17,11.6586138065,-19.2728115576,-8.79862504642,-21.2890108756
2000-08-18,11.6737079304,-19.4118126294,-7.16058907322,-20.9193703143
2000-08-19,10.9889229256,-18.1531329021,-7.31735587474,-21.1218334075
2000-08-20,11.6629062181,-18.6583487768,-7.78121454135,-20.3718784952
2000-08-21,11.3947292711,-17.6933166368,-7.56610940673,-21.1214117189
2000-08-22,10.6075782743,-18.928805717,-8.08052825423,-21.6363549742
2000-08-23,10.5514781704,-18.8814998547,-7.99733076173,-21.0763142804
2000-08-24,10.4282874037,-18.8264010641,-6.50930368911,-20.7538811246
2000-08-25,10.6565093457,-17.2493536652,-6.83491001965,-19.8231427362
2000-08-26,10.2654301111,-17.225953218,-5.11850018536,-20.6779828412
2000-08-27,11.5245556402,-16.3722240529,-5.04156852021,-18.7443653537
2000-08-28,10.8359251565,-15.5959574105,-4.45545815069,-19.0859545187
2000-08-29,10.8674453316,-16.0123139436,-1.84423323133,-18.9400382454
2000-08-30,12.0574122102,-15.0954473175,-1.85599364893,-18.8649367997
2000-08-31,13.0663730285,-15.194149296,-0.952467658561,-16.3146585749
2000-09-01,12.2311005085,-16.4100806327,-1.7772791754,-16.9969122657
2000-09-02,11.3794749494,-17.0877920591,-1.67874645249,-17.6976983709
2000-09-03,10.7190767742,-17.1354433634,-3.55751943821,-18.4243996366
2000-09-04,11.0482181893,-17.89110927,-3.57012023179,-18.412596699
2000-09-05,11.6325416007,-19.0392467923,-3.98286718821,-17.7373351539
2000-09-06,12.5769255589,-18.7845620369,-3.52201267732,-16.8222261725
2000-09-07,13.2530193424,-18.6619430892,-3.685874972,-16.1649095924
2000-09-08,13.7804447424,-19.5863440627,-3.61148382599,-16.6916771646
2000-09-09,16.0415803105,-21.0938008805,-4.78447013616,-17.4867082396
2000-09-10,16.0513069322,-23.4284661965,-4.29212291369,-15.5033145678
2000-09-11,15.4408652771,-23.0840712223,-4.24089836038,-17.1243665594
2000-09-12,15.0835602142,-23.128263214,-3.14116342317,-17.1090429046
2000-09-13,13.9069141141,-22.6093519245,-2.05829545455,-16.5405378272
2000-09-14,11.7598025146,-22.7799601024,-1.63517177314,-16.934781635
2000-09-15,14.8305047383,-23.4045663432,-2.66138442084,-18.3725166531
2000-09-16,14.8712701681,-23.6906661167,-3.12534965139,-19.5185259429
2000-09-17,14.8256501631,-23.9626660721,-3.44035030904,-20.2060913049
2000-09-18,15.3220490685,-24.1265011215,-2.55708334028,-19.3620277141
2000-09-19,17.2764184134,-24.0425980961,-1.82229353424,-19.0471753702
2000-09-20,16.132514417,-24.4139898244,-1.02418032445,-18.6029156685
2000-09-21,16.2788560263,-24.111050463,-1.21127897148,-17.6798918239
2000-09-22,18.095753597,-24.5265239673,-3.25928855952,-18.3825827706
2000-09-23,18.5819226725,-22.6708361156,-1.48698806207,-19.5989879447
2000-09-24,18.6509517256,-24.4213216464,-2.71361160865,-18.2228460209
2000-09-25,17.4672620368,-24.1625207193,-2.62904485835,-17.959398235
2000-09-26,17.1570011547,-25.2888606503,-1.87861112982,-17.1107906732
2000-09-27,18.9279765282,-22.450827032,-2.86054616176,-16.7380225464
2000-09-28,18.2466734574,-21.3328831817,-3.58631082972,-16.027690267
2000-09-29,18.377342821,-20.3546320014,-2.77484270559,-14.7401425411
2000-09-30,19.7199521749,-19.965631747,-1.04511677683,-13.3720960711
2000-10-01,20.2453749497,-19.3763565565,-0.153053147316,-11.1188010966
2000-10-02,20.5590520586,-19.3644971533,-0.63558243904,-12.1770821953
2000-10-03,20.3573561079,-19.4816141104,0.524376622429,-11.7800667995
2000-10-04,20.5019469395,-19.5340233097,-0.353487576108,-11.5599940854
2000-10-05,21.1813799631,-21.1831027896,0.628866264156,-10.5700517683
2000-10-06,23.5364181172,-21.4394077263,3.45464138413,-9.28267354739
2000-10-07,22.8491984371,-22.1107405002,3.61643417679,-9.71883167828
2000-10-08,25.1091200622,-21.6496750144,3.68192024448,-11.2233823332
2000-10-09,24.8653581106,-20.4227374297,3.49847731592,-11.3518442581
2000-10-10,26.9132712099,-19.6797742519,4.4822805617,-11.3994971719
2000-10-11,27.7129774657,-20.2205419517,4.81771616899,-11.3033793084
2000-10-12,28.117899307,-21.2369534343,4.90450660463,-12.1099550164
2000-10-13,28.0187101878,-23.2737034057,5.04755908072,-11.6542957261
2000-10-14,27.6634562718,-23.8556103896,5.690388108,-12.4433042979
2000-10-15,28.0406269023,-23.0475360119,6.04311684395,-13.0568660728
2000-10-16,29.8131902826,-23.327478711,4.39420389945,-15.0972730826
2000-10-17,28.9067999255,-24.3504896177,3.40673904604,-15.2998415417
2000-10-18,29.3871151087,-24.9199798855,2.22618964491,-15.6928414817
2000-10-19,28.4027430348,-24.2934363086,1.40214630427,-15.2648503579
2000-10-20,28.203319675,-23.0179462885,1.77775108444,-14.3905444462
2000-10-21,29.2261833818,-20.5027077683,2.47607485667,-15.1214572847
2000-10-22,29.9179325956,-21.6138893861,3.08568976614,-15.690737316
2000-10-23,30.8667574091,-22.1449342459,2.85234692909,-15.1889939688
2000-10-24,32.5043821704,-24.0679360013,3.83394622144,-16.3498723296
2000-10-25,32.8712736836,-24.1209390368,4.38467195256,-15.956943091
2000-10-26,32.5937773401,-24.4573688982,4.5501230636,-17.6796131785
2000-10-27,32.4752564211,-23.3484136586,3.52949158109,-16.9383667482
2000-10-28,31.9381618536,-25.1162611954,2.17725817069,-17.5972419361
2000-10-29,31.0873415862,-24.5167779064,3.93832025512,-17.7904136208
2000-10-30,31.6538814817,-25.088608557,4.35488736971,-19.8962491271
2000-10-31,32.8138091395,-24.5825801188,3.33175669223,-20.4107501837
2000-11-01,32.4229265285,-25.6242404691,3.69699194296,-20.4624236836
2000-11-02,33.513304492,-24.4169032591,3.61584489777,-19.6042815563
2000-11-03,33.1242982189,-25.6113729688,3.09342583102,-19.1483478614
2000-11-04,33.2490145254,-25.4587886767,2.32176174673,-19.771431002
2000-11-05,35.0182200557,-25.553188803,2.2144049251,-19.1851240142
2000-11-06,34.906162336,-24.4866634499,1.94833358059,-19.4578247858
2000-11-07,34.7666529165,-23.512927355,2.15138753463,-20.0332941134
2000-11-08,36.6463987365,-24.2619368616,1.93752752199,-19.9931691468
2000-11-09,34.7406858525,-25.9158758952,0.807254142737,-20.1393195131
2000-11-10,33.2262591811,-26.1722704584,2.75655720884,-18.32207674
2000-11-11,34.7166934386,-26.293327945,2.23725885343,-17.6154923894
2000-11-12,35.6784567014,-28.028918097,1.63953653461,-17.1675434392
2000-11-13,35.7461370389,-29.2068775297,2.37040246275,-17.8184316256
2000-11-14,35.1171813876,-28.9151539706,1.9535164418,-17.4058288437
2000-11-15,34.601972561,-28.759141067,0.567822612344,-17.6296777543
2000-11-16,34.4758116939,-27.6918188235,0.156420318218,-17.0627277693
2000-11-17,33.8330767425,-28.027064403,1.26418893554,-16.8243135776
2000-11-18,35.3164656279,-29.484150268,3.27493895595,-17.4367236568
2000-11-19,36.1343478357,-30.9617380063,3.47007052545,-14.4740098843
2000-11-20,36.2170870983,-31.428106645,2.66265783083,-15.6636696906
2000-11-21,37.9949807875,-31.8264011678,2.28422963609,-15.8281895245
2000-11-22,37.7203235136,-32.8648448162,1.50274229892,-15.2577063123
2000-11-23,40.7015312403,-34.0139307892,2.96270230701,-14.6511318333
2000-11-24,42.0369298896,-34.2559701244,1.91858389177,-14.6032239339
2000-11-25,42.3804426832,-34.0286336919,2.55639845329,-12.3616483764
2000-11-26,42.6177658168,-34.5587095368,3.2692603774,-11.197870108
2000-11-27,42.0367276518,-32.0508266205,3.67168841714,-11.0598986467
2000-11-28,41.9872673504,-33.3014175285,4.22234289737,-11.7789228679
2000-11-29,41.8552677072,-32.458840818,1.85916592277,-11.4556832462
2000-11-30,40.8054832771,-32.7842924104,1.74271955455,-11.0919848382
2000-12-01,42.5921052514,-32.4409585925,1.82500749866,-11.3767601723
2000-12-02,44.6290599203,-31.1378954523,2.36167505611,-11.895867732
2000-12-03,44.0870175583,-32.7583226756,1.97859104743,-10.7947478151
2000-12-04,44.1646766735,-32.9052332189,2.07182438924,-11.6063066757
2000-12-05,44.9734611441,-32.2253918296,4.33744269928,-11.9381901863
2000-12-06,45.3902450353,-32.2907242429,4.49588538633,-11.3819000138
2000-12-07,43.4839211725,-32.1255159799,4.38805678814,-11.5555310416
2000-12-08,42.8551817363,-30.6966605379,4.95260270828,-11.1523309854
2000-12-09,41.0756637186,-30.4254836675,2.99573542284,-12.0803449473
2000-12-10,41.7285767821,-32.245009591,4.72200011972,-12.5295377777
2000-12-11,41.9447729648,-32.1847616654,6.07477747542,-13.1743869596
2000-12-12,41.1200183044,-31.4137502133,6.51459015496,-13.0450860252
2000-12-13,40.6080580087,-32.4534082587,7.05501518036,-12.4124710488
2000-12-14,40.7454516193,-33.2731728103,6.72404555243,-11.1774479024
2000-12-15,40.7680933614,-34.1558663545,8.03882995152,-9.66419771425
2000-12-16,41.1165224494,-33.3325990348,6.92471642688,-9.52425901295
2000-12-17,41.1866775181,-33.7411937974,6.98344386892,-10.8975633634
2000-12-18,39.4245289845,-32.8749653408,7.19835845068,-10.9236365957
2000-12-19,39.4132284794,-33.1667073429,6.30810773357,-11.2830635933
2000-12-20,38.097791819,-31.6422074901,5.49273135509,-11.2105268644
2000-12-21,38.7140868454,-32.7170005549,5.79560684934,-9.92008653473
2000-12-22,39.2687663226,-34.5210257685,7.43765413803,-11.1026585121
2000-12-23,40.458808685,-34.8114430774,7.49838670923,-10.0466791664
2000-12-24,39.7086357664,-33.9227435749,9.41693624141,-10.4915150138
2000-12-25,39.1759954618,-32.3247133057,10.0151095807,-10.7846683541
2000-12-26,37.7599256693,-32.4033597114,10.563246015,-11.7843136583
2000-12-27,38.2381027807,-33.3793521758,10.1769382558,-10.448136866
2000-12-28,37.1695420042,-33.5981230839,8.95441218868,-10.9739586031
2000-12-29,36.6755704383,-33.3303685959,9.25160017356,-11.1267970997
2000-12-30,35.5974974788,-34.9751930418,9.5850931248,-11.7291730379
2000-12-31,35.7454489456,-35.8440281188,9.66686971994,-10.9766551427
2001-01-01,35.1692532765,-37.0508782677,7.51579411047,-10.6552637382
2001-01-02,36.2333062817,-37.1951585739,8.037957765,-11.369515352
2001-01-03,36.8221341449,-37.586173235,7.34060361517,-13.4133413525
2001-01-04,36.7583847969,-36.4578448895,7.51821218009,-13.8597833397
2001-01-05,35.4451237048,-35.3483591089,8.94728191072,-11.5299063014
2001-01-06,35.3046357206,-35.2377559704,9.10062569516,-10.4507602176
2001-01-07,36.1099394607,-35.2164747441,8.0261033845,-10.6668955467
2001-01-08,35.2200134653,-35.213846818,7.60550879545,-11.3855725873
2001-01-09,35.9272787319,-35.0151841415,8.93241991687,-10.9852969074
2001-01-10,36.0650562672,-36.2050369264,7.71796830219,-9.8919348337
2001-01-11,33.3201051785,-37.8816739846,7.28926152661,-11.8720742345
2001-01-12,32.2066437479,-37.3454204531,5.92971545511,-13.938768617
2001-01-13,31.3735862761,-38.2042213424,7.25596853983,-13.9223047178
2001-01-14,31.8792762238,-37.06735963,8.30087686067,-13.0082587272
2001-01-15,30.670631565,-36.7227798133,8.08712420857,-11.9220190068
2001-01-16,30.5378722965,-36.4987593728,8.61186232003,-11.9195601569
2001-01-17,31.5245793469,-36.5903664793,8.30522096954,-12.191695003
2001-01-18,32.5078120635,-36.5234210394,9.31480113142,-12.1710894427
2001-01-19,33.5551560446,-35.1632869763,8.6756670745,-11.6032316628
2001-01-20,34.1333032706,-35.7885481594,8.64882690355,-12.1751085089
2001-01-21,33.3474438682,-35.3176725895,8.56623483931,-13.9436148744
2001-01-22,34.1840299755,-35.3241395268,9.09525585721,-15.1927375784
2001-01-23,34.4255988079,-35.2202119661,9.65604977305,-15.4394956952
2001-01-24,32.7436036852,-34.9131983664,8.1730409479,-16.1038831057
2001-01-25,32.3733795083,-37.2584021096,9.02031201154,-15.1093114637
2001-01-26,32.2163335918,-37.3432403125,8.11233296888,-13.7606715929
2001-01-27,31.6784573936,-38.0756542275,9.24756569034,-14.0483320301
2001-01-28,31.7313367959,-37.1363307735,7.66464821743,-13.1136872015
2001-01-29,30.2878442152,-35.7358321158,6.96224485553,-13.1650727376
2001-01-30,29.7432100814,-35.4528792261,7.06733635628,-13.4716324546
2001-01-31,27.667205474,-35.0559932742,6.60780045984,-14.0073508637
2001-02-01,27.4308811599,-36.0465644373,7.49464491398,-15.8497745008
2001-02-02,26.340139463,-35.2186807676,7.65600886637,-15.652155094
2001-02-03,26.0484243252,-34.8608069052,8.17477795596,-16.6962289298
2001-02-04,26.288237844,-35.5818554219,7.75111161616,-16.434709838
2001-02-05,26.0297093885,-36.2267381973,6.77741860045,-16.9794569278
2001-02-06,27.3456330957,-37.2723989976,5.33827482249,-17.2594945252
2001-02-07,28.8189377778,-37.6239842116,4.30621835466,-16.1891917573
2001-02-08,29.3074144204,-38.2924285453,5.30238480669,-15.0669643269
2001-02-09,28.6661788638,-37.763581139,5.69158486183,-13.9276518344
2001-02-10,29.0220742777,-38.9709856578,6.26710138071,-15.3440562948
2001-02-11,27.7202258936,-38.1334960639,5.30648948514,-16.4160223448
2001-02-12,27.0856296591,-39.8803269777,3.85554083006,-15.6079873944
2001-02-13,26.2952886091,-40.1780331199,3.90224998256,-16.0656831934
2001-02-14,26.5151512789,-41.4089297267,4.14869696892,-15.4183793075
2001-02-15,25.4726556504,-42.9006775089,3.54913221735,-16.2695807066
2001-02-16,25.4864823833,-43.889678842,2.29837099899,-18.0535103775
2001-02-17,26.7526753947,-43.433639815,2.01575438148,-18.3769115983
2001-02-18,26.9649481472,-44.3093487447,2.99246386794,-18.9689623654
2001-02-19,26.3382960823,-43.3633777179,4.8720175955,-21.1185044511
2001-02-20,26.2932968375,-42.4875562505,3.81286585973,-20.088828518
2001-02-21,26.9939841503,-43.206904582,3.90409463598,-20.4548707828
2001-02-22,26.6016039979,-42.4493555918,3.45017186498,-18.9588664632
2001-02-23,26.207390816,-42.3315986619,3.384049419,-18.8405748015
2001-02-24,27.415217904,-41.8692578546,3.41625525267,-21.1738126588
2001-02-25,24.7987354853,-41.2524171417,4.12503204421,-21.9758568165
2001-02-26,25.1700084882,-40.7405926901,2.57994212467,-20.9242939184
2001-02-27,27.0681636434,-40.5870248527,1.20815513429,-19.7646810463
2001-02-28,27.9854521491,-40.6054785408,2.35766132152,-20.5136596868
2001-03-01,27.878844382,-40.4438759539,1.78033563437,-19.770040944
2001-03-02,27.1991923668,-39.6298422077,2.36493795768,-20.55240681
2001-03-03,25.7444792929,-38.5754591727,4.73584766313,-21.8001841852
2001-03-04,24.7350199936,-39.2889988126,6.4250660922,-22.9602621136
2001-03-05,24.3740136642,-38.6491024972,6.54237181972,-21.9479276695
2001-03-06,24.6209232725,-34.835909504,6.61848148714,-21.6168645137
2001-03-07,24.5411651368,-35.4839694371,5.87807329345,-19.9101129326
2001-03-08,23.3429504046,-34.695568366,5.19065242916,-18.2170405962
2001-03-09,23.9975939049,-35.4079206661,5.53549410402,-17.3880743475
2001-03-10,23.7500593621,-34.6008689454,5.06790848088,-17.0816905134
2001-03-11,22.7935568287,-35.969484085,5.5595327822,-18.1960190777
2001-03-12,23.3627549048,-34.9562977732,6.02124423865,-18.7945411444
2001-03-13,22.9471397453,-34.9969217037,6.48148326719,-19.3517541677
2001-03-14,21.2422753552,-34.7908287431,6.4748368266,-20.3780131489
2001-03-15,22.9200423989,-36.3192859565,6.24341839181,-20.2426051262
2001-03-16,22.7988247561,-35.7624527198,5.20969416886,-20.9053785297
2001-03-17,23.7169112969,-35.9690903002,6.80221262387,-21.705686408
2001-03-18,24.2710777786,-35.8064132834,7.51213710231,-21.7417579971
2001-03-19,23.9481631052,-37.8670355339,6.41709607337,-22.5766666934
2001-03-20,23.4787463181,-36.8494462653,6.42557772856,-23.0610739508
2001-03-21,23.0919951056,-35.7584373986,6.0209716848,-24.4148450803
2001-03-22,23.3964627121,-36.1099937115,7.3773781926,-26.3224726643
2001-03-23,23.4518104457,-35.5973363752,8.36855459918,-24.9116119385
2001-03-24,22.9051957007,-35.4898366216,9.19716544805,-24.515603634
2001-03-25,23.6015212927,-37.5265349312,9.57802704044,-22.6719073619
2001-03-26,23.5929015563,-37.4221022438,9.49111157006,-21.5896386455
2001-03-27,25.8466183743,-37.5922516476,9.18786203016,-22.1180915187
2001-03-28,26.3272281742,-37.2351652805,9.28627052264,-22.4526172578
2001-03-29,25.4308206669,-37.7436339245,9.0193623125,-21.1383301649
2001-03-30,24.5668699807,-37.0797848041,8.57543377647,-21.9096275095
2001-03-31,24.0169784953,-36.6927264418,8.86209179772,-20.952021243
2001-04-01,22.9695483993,-35.3006293328,8.95347422487,-22.8285705311
2001-04-02,23.2252451157,-35.6408266694,8.79554547429,-23.8221050587
2001-04-03,24.2006102588,-35.4428426188,7.98487204691,-24.3798180979
2001-04-04,24.1582168684,-34.6307994483,8.49501718909,-24.3461630367
2001-04-05,22.6018750055,-34.3387675793,8.99797973828,-23.8614110959
2001-04-06,24.7935775603,-32.7254321793,9.57252050349,-23.1296697819
2001-04-07,25.0062538238,-33.1085501921,10.5435328481,-24.7653483218
2001-04-08,24.585812,-34.2060595777,11.6591924244,-23.8258756609
2001-04-09,23.0802596596,-36.0134619395,13.2153858649,-25.9060574346
2001-04-10,22.8589298573,-35.8851806032,14.1938107491,-25.6806278607
2001-04-11,22.846946633,-36.6727580881,15.0203556918,-27.3457659676
2001-04-12,20.9773142932,-38.9598104022,14.1604609984,-27.1288226381
2001-04-13,19.3545961746,-36.6029215763,13.8636785118,-26.3686196455
2001-04-14,19.9317007598,-35.7427740103,13.2543518769,-27.5977694525
2001-04-15,19.4302726547,-37.594323014,11.9757007997,-24.5905180305
2001-04-16,20.6909131136,-37.8906143642,11.4724723071,-24.5563200537
2001-04-17,20.3753391215,-39.2148610349,10.987992037,-23.8109361887
2001-04-18,20.4113578905,-39.8275017583,9.17488104532,-25.6567254415
2001-04-19,19.3166994401,-38.4166278342,9.46242649997,-23.6074026716
2001-04-20,18.1431624196,-38.6830120021,8.97735561537,-22.8754254724
2001-04-21,20.4364394758,-38.6768961515,7.58760020176,-20.7685168845
2001-04-22,19.3859148302,-41.0887701215,7.60265463898,-20.9064324449
2001-04-23,20.8374445739,-42.3344403154,5.51420326485,-20.3196002871
2001-04-24,23.1082768989,-42.9190377251,5.66279029668,-19.3093970004
2001-04-25,23.6714511466,-42.5985222417,6.21946028706,-18.655615723
2001-04-26,24.812164691,-42.8922409292,4.9472967172,-17.4482890153
2001-04-27,24.9665936248,-42.256193016,6.15607785986,-16.2739184189
2001-04-28,26.5866767821,-42.0093516311,5.24585909925,-15.7904407406
2001-04-29,25.5981082645,-41.1066524712,6.58487628759,-14.4473832138
2001-04-30,26.6682939707,-40.6476044878,6.84967414909,-14.6331882292
2001-05-01,28.1454869302,-40.0315704484,6.0925206279,-15.7998065038
2001-05-02,27.6743992479,-40.6756042703,6.29436229228,-14.75832256
2001-05-03,27.2969223516,-42.0096259968,5.60154628228,-15.2660647108
2001-05-04,26.0488242923,-40.985204228,7.16316018922,-14.9962631506
2001-05-05,26.0352716329,-39.7632958629,8.35850965957,-14.9726577257
2001-05-06,25.4357719944,-38.7554328895,7.93304536803,-15.0775199152
2001-05-07,25.5087428451,-38.4172450131,8.79350203586,-14.7774221359
2001-05-08,25.3437536963,-37.2747720476,8.27421336095,-13.9395416685
2001-05-09,26.8515060888,-36.3398026447,9.03416102112,-14.9935634396
2001-05-10,26.5159319699,-33.5264054021,9.50309146247,-14.9554961563
2001-05-11,24.4524537964,-33.8725109451,9.56349697227,-14.8696741803
2001-05-12,22.8727296195,-34.1621107162,11.3840545372,-14.8128518882
2001-05-13,22.0525590361,-34.2732972062,10.1272837154,-17.3471274215
2001-05-14,22.4750025901,-34.1989973197,10.6715189861,-16.0529545992
2001-05-15,23.626550687,-34.0698983784,10.2792335916,-15.7909760903
2001-05-16,25.4261048025,-34.4832762317,11.4644727226,-15.3183758277
2001-05-17,23.3014311662,-34.0641382048,11.4552876508,-15.4883878777
2001-05-18,23.214837383,-32.9328397871,12.8032988262,-14.1447494961
2001-05-19,23.5070259808,-32.5701117809,12.9443336086,-14.144057071
2001-05-20,22.7825036386,-32.2876396305,13.1395126468,-15.1934596529
2001-05-21,20.5360553436,-33.3142224886,13.4675007973,-15.5638721176
2001-05-22,21.2294242153,-33.6224483421,13.8602324785,-14.2967880606
2001-05-23,20.6937677236,-33.497962905,13.3409115655,-14.6512343733
2001-05-24,19.5329156813,-32.3899858192,13.4558759342,-15.8293467733
2001-05-25,20.1677225846,-32.2144631738,14.1220481854,-16.9126781798
2001-05-26,19.0063032718,-31.1995686008,12.480288379,-18.2588593854
2001-05-27,20.3722497726,-28.3853566179,12.0541790299,-17.7222313575
2001-05-28,19.5821840886,-28.6248297275,13.3607032519,-17.7204504143
2001-05-29,21.5595339966,-28.5327811986,14.1847753472,-18.2807242831
2001-05-30,20.6069384214,-29.4178982126,14.6594433923,-18.1749343193
2001-05-31,21.3623733912,-29.0740243491,16.8131756993,-17.1433941606
2001-06-01,19.4312498032,-28.262045526,16.5137237212,-16.3961578219
2001-06-02,19.8652829843,-29.2935073668,17.5956587999,-15.3431832979
2001-06-03,20.4284663433,-29.5756899624,18.4384906213,-14.6904201166
2001-06-04,20.2622849611,-30.1119140609,18.5986128868,-13.5305601268
2001-06-05,22.9915575274,-31.25085071,18.4989552296,-14.199383548
2001-06-06,22.0244241099,-29.4172160337,21.0232749566,-12.2502848555
2001-06-07,22.0133770105,-30.5874503512,20.8912895621,-12.6329556092
2001-06-08,21.1399504441,-31.184048789,22.1801324182,-15.0617237009
2001-06-09,19.2541467699,-31.016708716,22.5046156738,-13.0942183111
2001-06-10,19.62195016,-29.4586389038,23.7180163833,-11.9255152741
2001-06-11,18.7066831799,-28.973602981,24.5832424481,-10.8222380011
2001-06-12,18.8153465118,-28.6452906797,24.8258657263,-11.3611411024
2001-06-13,19.0093425347,-27.8890351055,23.9736770378,-10.7805370254
2001-06-14,19.0965387678,-29.3787026151,23.5185424332,-9.6713806061
2001-06-15,18.3704194342,-29.4426011653,23.604426776,-9.75045262597
2001-06-16,17.8454326525,-29.7395008505,23.220292568,-9.0960154171
2001-06-17,17.5653510769,-30.7642705399,23.6565536453,-9.1525680946
2001-06-18,17.7348323959,-32.9271537045,25.3241803669,-7.84596693312
2001-06-19,17.5693746053,-34.6173395375,25.8786781326,-7.97024666429
2001-06-20,15.8367446024,-33.7005362854,26.224598358,-7.94984760891
2001-06-21,15.8490996887,-33.1093194285,25.7611382945,-8.0908767478
2001-06-22,15.0729108002,-31.9097369069,25.2801597729,-9.44784832085
2001-06-23,13.7212128114,-30.841059955,25.1342274649,-10.0291845935
2001-06-24,13.2904034,-31.4571062633,25.8242467047,-11.4188604579
2001-06-25,13.6786969589,-32.7250812758,26.3373381732,-11.9963305533
2001-06-26,13.2903885356,-32.3262223391,27.6618609571,-12.8091778327
2001-06-27,13.8002802269,-31.9262871111,27.739573133,-12.7387465733
2001-06-28,13.144466963,-33.2754230202,27.9532566699,-12.7361468706
2001-06-29,13.854707888,-31.6220104955,28.6701788997,-12.2494316395
2001-06-30,14.0300518398,-31.3960403124,29.6132277335,-12.3227758429
2001-07-01,12.6261390088,-32.1818854925,29.6147196726,-12.382243008
2001-07-02,10.9109395091,-34.6034366738,30.7685989354,-12.1194727029
2001-07-03,12.0633944949,-34.1533505765,30.3440244629,-11.8594358174
2001-07-04,11.2525050214,-33.6859707497,30.5851696834,-11.7202471882
2001-07-05,9.60946983896,-33.9057157076,28.5929891906,-10.7392694494
2001-07-06,9.57843333714,-33.059657096,29.6533564799,-11.5221397875
2001-07-07,9.45667627209,-32.0015900252,29.6699491435,-12.5541087346
2001-07-08,9.96888095443,-33.0235104836,30.1990774096,-12.4096332863
2001-07-09,9.65741260778,-33.5490468064,28.1584074578,-13.0990433611
2001-07-10,8.94108619181,-32.953594357,28.9416844961,-12.1342661729
2001-07-11,9.26041561282,-31.9901528883,29.6139835466,-11.093149649
2001-07-12,8.67249855292,-30.5796827917,30.5544494686,-11.7272504899
2001-07-13,8.9214951093,-30.1442949025,31.9883173092,-11.7162109113
2001-07-14,9.6601639001,-30.433656838,33.0877827002,-12.720999026
2001-07-15,9.15858317161,-30.8250969347,31.9932843789,-12.8420095497
2001-07-16,9.59542756981,-29.7362066168,31.1762242385,-13.2827779527
2001-07-17,10.3444106677,-29.0182622434,31.3704298149,-13.2284844514
2001-07-18,9.53086093347,-30.9926346747,29.5952975405,-12.3620245541
2001-07-19,10.3413237723,-29.7621424103,29.5068501903,-12.3003268418
2001-07-20,9.96786413404,-30.0343326642,29.5612416017,-11.9187543578
2001-07-21,10.5035332099,-28.8858395361,29.4335404309,-13.8337071079
2001-07-22,9.0905966545,-29.3679688912,29.3113168332,-13.698593184
2001-07-23,9.48705303346,-31.2960739072,29.5914329277,-13.8540482195
2001-07-24,10.0028364083,-30.8895769778,29.8671964966,-15.4396642492
2001-07-25,10.7803898455,-33.2691324274,28.6457532642,-17.4794211182
2001-07-26,10.1138309045,-32.2693434993,29.5160253594,-18.4822106356
2001-07-27,11.5405405049,-31.8776606092,29.8400814636,-20.2089122456
2001-07-28,12.8173293185,-30.9856543592,28.8257459943,-21.6749373611
2001-07-29,15.4278450973,-29.845680023,28.9453247024,-21.8218771644
2001-07-30,16.8749000177,-28.798084971,30.6975245963,-21.6161797319
2001-07-31,17.1262245445,-27.6338665157,30.7848691111,-21.5751196518
2001-08-01,16.6224478952,-27.5487600529,29.6455197832,-21.7572436176
2001-08-02,15.2600850043,-26.9315430988,28.4370458191,-20.7774156172
2001-08-03,16.8393343913,-25.7078642889,29.2660768794,-21.9719070428
2001-08-04,17.9744740417,-25.1492523835,30.4303879282,-20.4564510978
2001-08-05,18.6035111511,-25.2053008524,31.4696496034,-19.4870949841
2001-08-06,18.9170242605,-25.2797620153,33.4133712861,-21.2767996829
2001-08-07,18.3299745259,-25.7589598741,33.5470790775,-19.2872754381
2001-08-08,18.8364789192,-26.0098479685,32.7878628978,-18.6564664518
2001-08-09,18.0821163126,-26.9166384165,33.4543002725,-19.1016104759
2001-08-10,18.3665162876,-27.3983367404,33.8050659004,-17.7573546802
2001-08-11,18.2814195975,-28.1372223614,33.2466552271,-18.0183786403
2001-08-12,19.381279474,-28.6297273974,33.0214431634,-16.8752903746
2001-08-13,20.4857900872,-30.7518942239,30.7964321,-17.2838498414
2001-08-14,20.4819058301,-31.7144606025,28.8289889495,-16.9812919041
2001-08-15,20.0471619413,-32.4283702553,27.8305711256,-16.9200097112
2001-08-16,21.1626499874,-33.3156135522,30.3120787622,-16.1921428856
2001-08-17,20.7946542672,-32.8579167476,30.5714203182,-16.2174150956
2001-08-18,20.6535307453,-32.546272159,28.6941746064,-18.303072503
2001-08-19,20.5368582133,-33.2202480191,30.1499585625,-19.3648116308
2001-08-20,21.4840413259,-34.3245051029,30.8508158491,-21.272639477
2001-08-21,22.2625565859,-34.1712354576,29.3769310805,-20.1473489707
2001-08-22,22.8859451946,-34.0825273421,27.9430763738,-21.1708593015
2001-08-23,22.3797511085,-33.7848942407,29.4991627851,-21.2314515099
2001-08-24,22.3519767924,-32.9531311416,30.1966035773,-20.017079585
2001-08-25,22.7652822377,-33.988147604,28.920790424,-19.0952572208
2001-08-26,22.2057208471,-35.1349864601,29.8737900345,-18.51021235
2001-08-27,22.7989186403,-34.4977805865,30.3760452861,-20.6937944511
2001-08-28,23.5648352798,-34.6482486259,31.6284824334,-22.2261890583
2001-08-29,22.6374268546,-35.5364772262,33.453503445,-21.8790138189
2001-08-30,23.2977521214,-36.2417905751,34.4122968846,-22.578848638
2001-08-31,21.9954720415,-37.953863075,33.4775511307,-22.976565869
2001-09-01,22.3666165037,-39.5711671169,32.4456279265,-22.2077974807
2001-09-02,22.1753818159,-39.0701092917,32.2053428011,-21.783492601
2001-09-03,21.3907914992,-38.3461644899,30.9935288316,-20.0478369457
2001-09-04,22.0169099301,-39.4829908213,31.2059260118,-19.1017384074
2001-09-05,20.9302024477,-39.8132897651,32.6595559856,-19.8775569222
2001-09-06,20.9781264535,-39.8485583124,33.7832019709,-20.1481941326
2001-09-07,18.683894303,-39.7617199639,33.9180374921,-20.6747428011
2001-09-08,19.3591367057,-39.838125707,33.1239166837,-20.5161987984
2001-09-09,20.0139435293,-40.4358436746,34.5979572708,-19.4735564719
2001-09-10,20.0940534612,-39.2812195712,34.3153350701,-19.5122796742
2001-09-11,19.1887309602,-38.7228205605,33.1163650848,-20.0208218382
2001-09-12,19.4674515362,-41.0640746685,33.1268218014,-20.7299548752
2001-09-13,19.8502958228,-42.9239880148,32.2281475767,-20.432084502
2001-09-14,20.1010842951,-41.4378966624,32.5802642732,-18.5822413727
2001-09-15,18.9858771726,-40.0816199995,32.950404442,-18.5305612959
2001-09-16,20.1393345479,-38.6877281521,33.8706421434,-18.7966087494
2001-09-17,19.0188259522,-39.8997627906,33.2039848481,-19.4787348444
2001-09-18,18.9965413804,-39.7974684087,31.7415385592,-18.3358646745
2001-09-19,19.2871031037,-40.4868096111,30.7478816202,-18.5506761263
2001-09-20,19.7694086253,-39.0113261206,30.2419750496,-17.8293207685
2001-09-21,20.0221951306,-38.5795062064,30.2864101932,-19.9267721031
2001-09-22,20.8967420725,-37.9706408016,28.7320009845,-19.4719064187
2001-09-23,20.3486233865,-37.9754140836,29.3946664772,-17.6108309355
2001-09-24,21.9839602278,-39.0097666061,27.2908933492,-18.5308415437
2001-09-25,23.6444280575,-38.0931530541,27.8527847497,-19.5660145116
2001-09-26,22.85587942,-39.0590854019,28.2116640228,-19.9257123961
2001-09-27,24.6452376013,-38.0230787277,29.8066746754,-20.3157214895
2001-09-28,24.3009371662,-38.7757043632,29.5108285073,-19.524260729
2001-09-29,22.8186707175,-38.5323790032,30.1097605413,-18.5433128201
2001-09-30,22.3350855895,-38.0918739343,28.48389804,-19.782142799
2001-10-01,24.0959455232,-39.1745370875,27.3919426604,-18.9920307111
2001-10-02,24.8390806085,-40.4431002033,27.1257857319,-17.965368605
2001-10-03,26.2315238829,-40.392992367,25.6201792063,-16.591076968
2001-10-04,26.7472263555,-40.3344394877,25.1031945403,-15.7046009788
2001-10-05,27.1691497172,-41.288987401,25.4724825081,-17.1459389528
2001-10-06,27.3650164295,-41.2054518696,23.7668168468,-16.426185972
2001-10-07,25.4954606699,-41.4155927403,23.9484323936,-14.4587779894
2001-10-08,25.3808635719,-40.391237808,23.9772655354,-12.8252015652
2001-10-09,25.6152668605,-41.8994962314,24.8951862498,-13.0988682817
2001-10-10,24.4235464876,-42.382520453,23.2016632681,-10.8003189251
2001-10-11,24.155211366,-42.5262948949,23.624675553,-9.47158120098
2001-10-12,24.8723601272,-42.4771581442,23.1836829566,-8.96532785208
2001-10-13,24.3229695067,-41.4637428295,25.5671533253,-8.51811503392
2001-10-14,24.5504330466,-41.4718398679,24.2639802562,-8.28817241255
2001-10-15,24.46188942,-41.1870653517,23.3593934697,-6.99600237786
2001-10-16,24.2745326596,-43.0999247531,24.0405684344,-7.52389128772
2001-10-17,24.077294943,-40.7959453062,22.9265461202,-8.83716467957
2001-10-18,23.6485491203,-39.5546321656,22.9898918033,-9.91745308984
2001-10-19,23.690092785,-40.1642810536,20.670494254,-9.84152125433
2001-10-20,22.3315416242,-39.9997577882,21.4135736233,-8.55515460092
2001-10-21,21.3127692471,-40.1398050301,20.7263087947,-9.39514901805
2001-10-22,21.7164848019,-39.6424082018,20.8031374519,-10.8708784118
2001-10-23,20.7757650673,-39.7044733421,21.1707093639,-9.95644150461
2001-10-24,21.2448647462,-37.9671443848,20.9444043798,-10.9578623158
2001-10-25,21.8618810947,-37.9272982329,20.8714741951,-11.4341278274
2001-10-26,22.3483391613,-38.42628552,20.6395153373,-10.6818082596
2001-10-27,22.3213964558,-38.9379153284,20.9693430288,-10.2372694914
2001-10-28,22.203922038,-39.9820795115,21.0171645999,-10.976791156
2001-10-29,21.3264156373,-40.754855174,19.4997186549,-10.6643791791
2001-10-30,21.8221459939,-40.7229463492,19.8966061073,-11.4384782505
2001-10-31,19.9051490322,-39.06158337,18.9918130011,-12.620785031
2001-11-01,19.2249195251,-39.8764143766,17.3781979562,-12.9068479498
2001-11-02,17.0544337377,-39.758513612,16.8584799606,-11.2611436571
2001-11-03,16.3058154391,-40.3860638058,17.4401579946,-11.6558039254
2001-11-04,15.9345674551,-41.330639491,18.9422446725,-12.6209933207
2001-11-05,13.9715572108,-39.9534623164,18.9679539868,-12.4227129291
2001-11-06,15.9267923975,-39.2059290101,18.9243123587,-12.0094957157
2001-11-07,17.0871114698,-39.0700072436,19.444596742,-11.4217744808
2001-11-08,17.9584363038,-39.6615802866,19.2340876121,-10.6825733717
2001-11-09,19.6129713092,-40.5148755156,20.1579042977,-10.5089382918
2001-11-10,18.7399729192,-40.3714730841,18.1282947339,-10.3146222736
2001-11-11,20.0244256533,-39.3990586956,17.8517716798,-10.5007946992
2001-11-12,19.5800293153,-40.4711128311,18.54258357,-11.8510206685
2001-11-13,20.1536640695,-40.5279169586,19.7450877102,-11.0844696242
2001-11-14,19.2463660405,-40.1319352042,21.363350644,-10.4687716808
2001-11-15,18.6947922319,-40.9907687386,21.3742474683,-11.5424120201
2001-11-16,18.7017320949,-41.1854171506,23.0674133806,-11.3654858553
2001-11-17,20.829819773,-40.2402939995,24.24922202,-10.3947378816
2001-11-18,20.6247057216,-40.9565585954,23.4259374404,-10.9880270791
2001-11-19,20.2660919735,-42.8739190603,23.0667229259,-10.4261565731
2001-11-20,20.9599939461,-42.7897191484,23.5599554093,-10.5030430868
2001-11-21,19.7932784862,-42.7850458436,22.3303645634,-10.7333616966
2001-11-22,17.9843370486,-44.2636705617,22.5594544804,-10.1584312192
2001-11-23,18.7392222494,-43.4969290837,22.1052996545,-9.86998249056
2001-11-24,17.6611033517,-43.4326666672,20.5908693583,-11.6091784011
2001-11-25,17.9869651426,-41.9110694842,19.2167292536,-10.0790870572
2001-11-26,17.2500590992,-42.1728001328,18.6395442754,-9.02531265004
2001-11-27,15.9119653158,-41.722731539,17.9850086957,-7.7241781756
2001-11-28,14.3710222627,-40.1325277709,16.7016812003,-6.31248713929
2001-11-29,15.7736680082,-38.8981817461,16.3112672423,-4.83475514998
2001-11-30,14.6986106215,-39.7147324464,16.0941136761,-4.5664321898
2001-12-01,14.8700587686,-39.0987725536,16.2708903595,-5.53426566377
2001-12-02,13.4864163365,-37.8765443912,17.6619417327,-6.9659670001
2001-12-03,15.0553532771,-38.1962693352,17.8137612982,-7.592831914
2001-12-04,13.8672897396,-38.4715211839,18.424029582,-6.00055217821
2001-12-05,13.5697451372,-39.987015594,17.4217651741,-5.43326099975
2001-12-06,14.8570797416,-41.5498050596,17.7000548847,-3.83865910236
2001-12-07,13.9421976874,-41.7703932171,17.4240721746,-4.56096075469
2001-12-08,13.6595613556,-42.3645788108,17.80674818,-5.63180455149
2001-12-09,14.3544480268,-43.5678214641,16.5477957486,-4.87842947812
2001-12-10,14.562094007,-42.509805783,17.2017448445,-5.01289796282
2001-12-11,14.8514482522,-43.6494442655,17.4399792951,-5.72965130028
2001-12-12,15.2953242305,-42.9513160985,17.4386548953,-3.78481997044
2001-12-13,15.7356978631,-43.4247373718,16.2942972793,-4.03290410256
2001-12-14,15.9000285849,-42.9116358882,16.7887731102,-4.75629070057
2001-12-15,16.6773165702,-43.929457433,17.7507971535,-3.85039948047
2001-12-16,15.2156884777,-45.143735896,16.9781895858,-2.93084382568
2001-12-17,13.0384709458,-44.1477071776,18.2659951985,-2.70934251327
2001-12-18,11.9822948896,-43.5758507029,19.7027324966,-3.10803630378
2001-12-19,11.0967474526,-44.2675832577,17.8597354751,-2.48177336296
2001-12-20,11.341172506,-44.1416181068,18.7277141355,-3.32473607261
2001-12-21,9.99974062274,-43.400610895,18.0702001641,-2.04074548604
2001-12-22,9.56042298964,-43.6535009303,18.9014432988,-0.955826477124
2001-12-23,10.4682894339,-44.5174157942,17.003229415,-0.913363424381
2001-12-24,10.0470155118,-43.5594856675,15.5181430199,0.831940624855
2001-12-25,10.1653127239,-43.8664603615,16.4355062594,1.42576881343
2001-12-26,9.3152420809,-43.3657939898,16.2319076375,4.23250072217
2001-12-27,9.34664768227,-43.18339592,15.4615087291,5.04459780223
2001-12-28,8.80828019903,-44.0726932696,16.4313215135,5.70235465947
2001-12-29,9.04240585815,-42.5104286162,15.126110887,6.40865928005
2001-12-30,7.60985644076,-41.8138654503,13.9317601823,6.97100660944
2001-12-31,7.90634588272,-43.7922689549,12.8558933777,8.02778133202
2002-01-01,8.34993234132,-43.6163711178,11.5302454096,8.93940998856
2002-01-02,9.33199999963,-44.3163419005,11.5217766782,9.93950858288
2002-01-03,9.55773406376,-45.0371275105,10.9789681244,11.8179053153
2002-01-04,9.31074480069,-45.4591976087,11.5956844102,10.2715304155
2002-01-05,9.2387105821,-45.4338135186,12.8319193155,11.4049694866
2002-01-06,9.8859960793,-47.3328181776,12.6956545718,13.158016348
2002-01-07,9.10451155295,-46.6540098067,11.6063747996,12.3463000363
2002-01-08,9.60560422583,-47.8336300939,12.2392451645,11.3847266822
2002-01-09,10.8670686633,-47.6367722001,11.9854963308,10.3265102221
2002-01-10,11.9051999674,-46.4178018577,11.622097696,10.0611880022
2002-01-11,11.2833029633,-45.999166317,10.1963535573,10.7069658115
2002-01-12,9.82763079806,-46.6861022694,11.1515286265,10.5433028765
2002-01-13,8.67174197669,-45.4082136369,11.6288851086,9.38772989419
2002-01-14,10.0777247213,-45.8051451282,11.2232536944,7.29472083801
2002-01-15,8.81621853996,-45.7848659085,9.47545883543,6.49070643404
2002-01-16,9.79155790086,-47.8609123846,8.3691207472,4.96242247239
2002-01-17,10.1197415685,-48.4957824354,9.41503113253,4.33035733364
2002-01-18,11.2393252547,-47.3214916788,8.79290934474,2.28100238976
2002-01-19,11.6844037311,-47.2588131886,8.23059187754,1.65183967001
2002-01-20,10.7603647035,-46.0917805388,7.81212790366,2.04127584036
2002-01-21,12.2271038746,-46.6717607925,8.29154216905,2.98117790133
2002-01-22,11.9527740463,-46.440721192,7.60609639939,4.49755311426
2002-01-23,10.8685306812,-45.5388819478,9.48494799043,4.27219782534
2002-01-24,10.7146953763,-46.395738527,7.76218862986,4.14196731155
2002-01-25,13.6993046211,-46.7750295629,7.40880760809,3.94027726287
2002-01-26,12.8981406439,-47.8617304463,8.16015162472,4.05708424125
2002-01-27,11.3691915299,-49.0013072476,9.86600872577,3.81349505425
2002-01-28,12.8572557205,-48.9525883291,11.0423777047,2.8298614454
2002-01-29,13.6904074806,-48.6144897325,13.3143379506,3.65325792331
2002-01-30,13.1353644866,-49.7624350887,12.2336167803,3.68601259427
2002-01-31,13.5268185417,-48.7807415543,12.9859529187,2.48300161574
2002-02-01,12.9978445409,-46.4734765635,11.605085165,4.02029920501
2002-02-02,12.6826632258,-47.3161369921,9.65781821959,4.32741464535
2002-02-03,11.4362239921,-48.3893444535,9.3470150166,6.63486043331
2002-02-04,10.4210017412,-48.5781213473,10.1938828767,6.84742726432
2002-02-05,10.7320317621,-46.5639536834,8.76243143596,8.14490143423
2002-02-06,9.3727499421,-45.7159226545,11.1589951864,6.27172913906
2002-02-07,9.64230276753,-45.5430269505,10.8294602123,6.75582676359
2002-02-08,9.60473353456,-43.4893342267,9.88133889608,7.50495057929
2002-02-09,9.15944380204,-41.5628034558,11.8113271615,8.24543281417
2002-02-10,11.1231802743,-41.0432425079,13.7964013001,9.50360862646
2002-02-11,11.2662582003,-38.9900287604,13.0521088785,10.5508775001
2002-02-12,11.687382981,-38.987704626,14.3606542858,12.391482271
2002-02-13,10.1385656165,-37.6127325989,15.5945167393,13.935484105
2002-02-14,10.1010661651,-37.8541663105,15.6474382209,14.9590469612
2002-02-15,10.627411694,-38.2203150759,17.0207765177,14.4556155663
2002-02-16,9.01308817132,-38.0960220087,16.0593986202,13.310255243
2002-02-17,7.79696001032,-39.0585547013,16.8994682809,13.8858367289
2002-02-18,10.7512271906,-38.3710138474,17.0100396693,15.3497095426
2002-02-19,9.99180047954,-37.9513394489,16.0739693651,13.8158948326
2002-02-20,10.9264727647,-38.1249136742,17.373497258,13.528923614
2002-02-21,9.2461703465,-40.1016618895,17.657855654,12.7655586972
2002-02-22,8.06584836223,-38.8400148179,16.7510573345,13.0468289795
2002-02-23,8.34276364328,-39.6293914704,15.9833306533,12.1402995335
2002-02-24,9.09064932372,-41.257608917,15.2044199751,10.6081749468
2002-02-25,8.59551579209,-42.4463105675,15.8900177219,10.4455060172
2002-02-26,8.59096469354,-43.0236354927,16.5277369838,9.67263363946
2002-02-27,8.98164871641,-42.5191064486,16.8495627864,9.17943270047
2002-02-28,9.26092978387,-42.3271117907,16.5741105889,11.8343552335
2002-03-01,8.65392606246,-40.9523390665,15.845196014,11.5415972744
2002-03-02,8.59826475763,-42.531321359,17.0728792955,11.3830786417
2002-03-03,8.36732639444,-41.4007160328,16.2252980938,11.1564770937
2002-03-04,8.03011710315,-43.641909575,14.4597613418,10.0870913847
2002-03-05,8.69269182202,-42.456714546,14.4741312324,9.73162676912
2002-03-06,9.05327706551,-40.0765727227,16.0778296106,10.8501877199
2002-03-07,10.1483661306,-39.7912078466,16.8758206892,12.7320130226
2002-03-08,10.3138206078,-40.0549879773,18.5174747141,12.6253922736
2002-03-09,9.69336826261,-39.176545526,18.1514586925,13.625381035
2002-03-10,9.51098493064,-38.5485731038,17.8361317178,12.6649416475
2002-03-11,9.3264990922,-38.3306326382,17.3697517671,11.7164943874
2002-03-12,9.8113539671,-37.7425395762,16.4916451423,11.0186718664
2002-03-13,10.5096672043,-37.8738144234,15.5409131488,10.3439636035
2002-03-14,11.1255104182,-37.5545740709,15.9060929314,10.8169853371
2002-03-15,10.5870262793,-37.7330354876,15.8023305806,10.8034771221
2002-03-16,8.98130614316,-35.9579871866,15.9371821432,11.0759145337
2002-03-17,9.01359362447,-37.9387945605,17.1281871387,9.96924076126
2002-03-18,11.3913786961,-36.1811633336,18.3525374561,9.58623245615
2002-03-19,11.1831937709,-35.5797424635,16.7082691196,8.16806504456
2002-03-20,10.2097646693,-36.0153949368,16.8191994924,8.77617964242
2002-03-21,10.5686050298,-35.3824321764,19.0773420591,8.72534922468
2002-03-22,10.5296111607,-33.9309052671,18.786699677,9.48911680818
2002-03-23,11.0262704767,-34.9572564719,17.2421798901,8.31353631749
2002-03-24,11.2058285076,-36.4614304281,15.8213824922,8.38423501909
2002-03-25,11.7153680062,-36.763341869,14.9299080291,8.21727395788
2002-03-26,12.2080175053,-37.3506310382,14.6865786256,9.94016399471
2002-03-27,11.294742305,-37.2595238711,12.0803202822,9.65701611862
2002-03-28,12.3200963991,-35.7668080662,12.329772295,11.6989568236
2002-03-29,13.2196146901,-34.9509165962,12.3967614922,10.6290557442
2002-03-30,13.8780113525,-35.0758486178,14.8612100125,10.1975974855
2002-03-31,12.6214539118,-34.1827282853,13.8194723366,9.53770015946
2002-04-01,12.0957288555,-34.5997654535,13.4699525765,8.34853850274
2002-04-02,11.8552163697,-33.2672313592,13.6547415667,8.50863655615
2002-04-03,11.9554484146,-33.3632302311,14.4853988678,9.18935863641
2002-04-04,12.5385628523,-31.8443954081,13.0414949689,10.1530042582
2002-04-05,13.8844929038,-31.4458176463,12.1901609763,11.1462450373
2002-04-06,16.1116515047,-32.5608456131,11.47182821,12.5025886384
2002-04-07,16.798195901,-31.8074508106,11.903803089,11.5542071754
2002-04-08,17.0094829856,-31.7386103059,11.4544200347,12.2563532969
2002-04-09,17.2024016951,-33.1168804204,13.1838004975,14.5518757216
2002-04-10,16.754040787,-33.8179823833,14.3554236359,15.1548116867
2002-04-11,16.1319446173,-33.3282755571,15.085418588,14.8181534326
2002-04-12,17.7664708852,-34.2474624123,15.1205137839,13.9151230308
2002-04-13,17.9288461473,-34.5339570872,14.272497407,14.5407792136
2002-04-14,17.481570828,-34.2150789224,15.2609871851,13.4906512284
2002-04-15,17.7865133678,-36.426631188,14.0837426947,12.700671619
2002-04-16,18.1730947887,-36.4329646487,13.8924996952,12.1813227506
2002-04-17,17.7284518958,-36.3940251315,12.5646758582,11.8200821912
2002-04-18,17.8067063433,-37.5327192112,13.9831243625,14.0675831059
2002-04-19,16.790871008,-37.9062880484,14.3486291491,14.4509049528
2002-04-20,16.4068776637,-37.0269785889,14.6477248248,14.6360973002
2002-04-21,17.3365000723,-36.5227113702,14.3349977303,14.6042930155
2002-04-22,17.4395645618,-37.7500832713,13.4312074164,15.34723741
2002-04-23,18.0671416329,-38.9460530198,14.3518656666,15.1001900712
2002-04-24,18.3965231552,-38.6820460854,14.1013956237,15.3806457721
2002-04-25,17.2879235389,-38.5184336192,12.551156387,15.1392069844
2002-04-26,17.7007579894,-39.3201786538,12.1128032537,14.9560619692
2002-04-27,16.9861182964,-39.5546258995,12.4589910152,13.5005522602
2002-04-28,17.5893499829,-37.718044962,13.7219319191,13.4097157264
2002-04-29,17.0690367328,-38.0902792999,14.7214922902,14.1167449194
2002-04-30,15.9424834185,-38.0054535774,16.3566178355,14.7428974508
2002-05-01,15.6971591748,-37.3776177022,15.4164026705,13.9133158304
2002-05-02,16.3153955327,-38.571085018,15.6416243807,13.8248645864
2002-05-03,16.2978868336,-37.6989873967,14.8899815685,14.9030181853
2002-05-04,17.8094530608,-36.4850926956,16.4530260418,15.0424411974
2002-05-05,16.3996905042,-37.0695017642,17.2582878216,16.6540983432
2002-05-06,17.5058389911,-37.5070404447,15.6517900196,17.6334327462
2002-05-07,18.9777447428,-37.173005031,14.1374586189,18.2738163594
2002-05-08,20.642427619,-36.6289123592,14.3205771636,19.4086274224
2002-05-09,20.1485481934,-36.203761248,15.0364854511,19.3882347642
2002-05-10,20.1410959144,-35.3506097476,11.9633158089,18.7454829213
2002-05-11,20.2034838913,-34.8676167843,10.7350086741,17.0119603042
2002-05-12,20.051072039,-36.5357681002,10.0272673425,17.8261040961
2002-05-13,19.3038731223,-36.190040983,11.1113210601,17.6009864839
2002-05-14,20.3276196128,-35.1680825228,10.2501768438,18.9041221069
2002-05-15,19.9925316394,-36.9928874992,10.9085766634,19.468585703
2002-05-16,21.3285659831,-36.7330526853,10.9163091677,18.9543932729
2002-05-17,22.0448926462,-37.2512374018,11.5299047982,21.0636801026
2002-05-18,22.6017209979,-36.5812065542,11.9202456573,20.4312381297
2002-05-19,21.1701585222,-34.9369037465,11.9511148576,20.8159164211
2002-05-20,21.1180775185,-34.1820464388,12.0451451843,20.5905232783
2002-05-21,22.8723012742,-36.4241370489,10.6447701438,20.649204643
2002-05-22,23.761046215,-36.9882416523,10.6204782273,22.3579416154
2002-05-23,23.8729293047,-36.770607492,11.6915280886,21.974856393
2002-05-24,23.3953824644,-36.8070229568,10.6668025486,20.5909102439
2002-05-25,24.4125407997,-36.9335329644,12.2250998521,19.5053224737
2002-05-26,23.9445344483,-36.0124439526,11.3854001782,19.6674218738
2002-05-27,23.0543460689,-36.4803909144,12.3606186451,19.2991079022
2002-05-28,22.5660430116,-37.0144199387,12.069515978,19.7390054312
2002-05-29,23.1386417086,-35.7172969314,11.8811440323,20.4704184265
2002-05-30,22.913847058,-37.0059639315,10.8835491262,19.8488264234
2002-05-31,23.0191188609,-36.5910455464,9.75761746323,18.8956275983
2002-06-01,24.9924706848,-36.5976701721,9.8646281082,19.3689700139
2002-06-02,25.6546092829,-36.4009985032,10.6330565795,19.1966803753
2002-06-03,25.2058451435,-37.8230751709,8.13108236808,16.8522603233
2002-06-04,25.1133402677,-38.4558198848,7.19845150566,17.049296846
2002-06-05,25.6627409844,-37.0830828552,7.25342219041,17.3326188926
2002-06-06,26.3554909342,-38.4784751238,6.44983308143,17.2040069316
2002-06-07,26.6047099411,-38.3508593369,7.1382696528,16.375528947
2002-06-08,27.1411993698,-40.0124827716,5.85920775294,17.4371519715
2002-06-09,25.0811292494,-39.3175973561,5.87328629256,17.8043715204
2002-06-10,26.5137084164,-37.7966181792,6.74805752575,17.3932586352
2002-06-11,25.8987813637,-37.7537122888,5.74718452106,16.4058396993
2002-06-12,27.671330618,-37.4653211701,6.2863050963,15.6863206869
2002-06-13,27.5941195794,-37.6685069977,7.01663331687,14.9796043696
2002-06-14,28.3385917499,-38.3979418194,7.68183202903,13.0418836024
2002-06-15,26.9571233057,-38.543961642,7.11848928419,13.0659715115
2002-06-16,26.2574104696,-38.6669972575,6.26610013049,12.5870243957
2002-06-17,25.495714478,-39.3283365836,6.13267904958,14.0141796629
2002-06-18,25.2021979409,-40.1177993243,6.21587806204,13.6934876373
2002-06-19,26.0700802554,-40.1735516951,5.78799777417,14.0323901767
2002-06-20,26.6727870365,-38.0632876149,5.05179937527,14.356025222
2002-06-21,26.1560554544,-36.8381504966,3.35086559292,12.9150800464
2002-06-22,25.7647368266,-36.6057740289,3.22181042988,14.9648173667
2002-06-23,28.2212732687,-36.8689973574,4.30990643138,14.6618517393
2002-06-24,28.8111967416,-35.7591193133,4.38103030155,15.6300653415
2002-06-25,28.0048413268,-33.6660358084,4.09907776692,17.0358365153
2002-06-26,25.2979789471,-33.2437510033,3.12823066918,18.7215805852
2002-06-27,25.7470028748,-34.4141055535,3.05482043851,19.4842601108
2002-06-28,27.1176051603,-32.299338842,1.88428993471,18.423959909
2002-06-29,25.7878784538,-33.660969004,1.60997387948,19.030924331
2002-06-30,24.5587048038,-32.8459476454,1.65145088737,20.6647821484
2002-07-01,23.8497197153,-34.0929713363,0.863637213768,21.1175927616
2002-07-02,23.5557190682,-31.7641344761,-0.731102480259,21.5398640323
2002-07-03,23.2805569563,-32.5658502175,-1.41167825522,20.9630207015
2002-07-04,23.2777843213,-31.467735526,-0.208966704984,21.1944810098
2002-07-05,22.9201073589,-32.492406368,-0.703426596564,21.2119814016
2002-07-06,23.726000719,-33.736725926,-0.502672440286,19.9413511165
2002-07-07,23.4280098509,-33.7534371817,-0.966901884463,20.4138737869
2002-07-08,23.5120981224,-34.4895605579,-1.59823915311,18.3082250322
2002-07-09,22.2414824966,-35.2343744793,-2.84069040759,19.6723631306
2002-07-10,23.7958331998,-35.1040756618,-2.71734745443,20.0530784024
2002-07-11,23.957754197,-35.0929798974,-3.24130364662,21.3350496033
2002-07-12,23.9451189031,-35.7280377613,-2.48264831683,21.3972345906
2002-07-13,23.8225209287,-36.9979563708,-3.33550994594,19.4921506
2002-07-14,24.6499092687,-36.3736238002,-4.68142110814,20.053720394
2002-07-15,25.6219000168,-37.0867462327,-4.38138901262,18.0591681676
2002-07-16,24.6875360111,-36.9312238138,-3.7325379915,17.1397561109
2002-07-17,24.4366393444,-38.3795181392,-4.34094405133,15.5706322258
2002-07-18,25.0921672818,-37.3931014069,-5.8826731861,14.9152961316
2002-07-19,25.5365123335,-36.9431759451,-5.79681618242,15.4417086477
2002-07-20,26.1455038874,-39.3888266864,-5.28147620529,15.9925431855
2002-07-21,26.2222796063,-39.1656554094,-5.48429033611,15.7886408786
2002-07-22,24.4877895591,-37.4342942797,-6.35182530141,15.0686407625
2002-07-23,24.9527188621,-38.6561048128,-6.41801127548,13.9554296218
2002-07-24,25.1395054188,-37.0758285543,-7.51468313353,15.6773674281
2002-07-25,23.5736179004,-37.5303211291,-9.64013097902,14.951376261
2002-07-26,23.9289071936,-37.8708767949,-9.42426383395,17.5245440374
2002-07-27,25.2527652016,-38.2882038618,-7.83508902342,18.2242528908
2002-07-28,25.7525892337,-36.376585932,-7.93225055961,18.7858513407
2002-07-29,24.6566921197,-36.1497898176,-8.55870306187,17.6514718506
2002-07-30,24.5617736425,-34.8531954243,-7.16917876298,17.5406626721
2002-07-31,24.4713620174,-34.5466580828,-7.02969632807,17.5638656302
2002-08-01,23.3836710411,-33.2603781139,-6.41340924905,18.6981784138
2002-08-02,23.771525679,-31.0606701653,-8.14478178947,18.7910701111
2002-08-03,24.4566527524,-32.0186181647,-7.26359047533,20.1121304471
2002-08-04,25.8891024064,-32.2840472624,-5.68259287979,20.8502970145
2002-08-05,24.4667174029,-30.8491464807,-3.8520031656,21.9977085038
2002-08-06,23.5318844827,-29.4409218468,-4.26190497468,22.8294947214
2002-08-07,23.7386838175,-27.3885770499,-6.71698236588,23.7549626455
2002-08-08,23.9235710867,-28.4966909607,-6.54480182343,24.2497470037
2002-08-09,23.6157975951,-26.2043284198,-5.72123240639,23.9714495792
2002-08-10,23.900886534,-26.6840908611,-5.13873335018,23.8324381457
2002-08-11,23.9092911266,-27.6259956575,-6.54574717037,23.3462184337
2002-08-12,26.5212014865,-27.7453995754,-5.04342999058,23.3303112787
2002-08-13,27.1468131199,-26.5016933544,-4.60523265156,22.4694986516
2002-08-14,25.7583946374,-26.2233032663,-3.78726347745,22.4454595757
2002-08-15,27.0082896466,-26.9776459367,-5.14472670348,21.920762134
2002-08-16,28.1595978621,-27.2500774537,-5.657667674,21.1164256286
2002-08-17,28.7019038142,-27.3556923281,-6.61600051346,22.5350726734
2002-08-18,27.7244976958,-25.553728058,-6.59524174849,23.3364239624
2002-08-19,26.9997390037,-24.7712036056,-6.24259247882,24.2378074996
2002-08-20,26.5689963039,-25.3647092953,-5.27849236275,24.9978606298
2002-08-21,28.0569216512,-25.6661536572,-5.20121619443,23.4109211967
2002-08-22,29.0009784801,-26.4069770843,-5.23170107517,23.3446108909
2002-08-23,31.6135219699,-25.0676542957,-5.80807680862,23.1191994138
2002-08-24,32.170840577,-25.0353705727,-5.66297367147,22.3495199501
2002-08-25,33.2596840211,-24.8626481965,-3.66374543664,22.8434142294
2002-08-26,32.9200151861,-23.6865397531,-2.36874867778,21.4014332747
2002-08-27,31.2064308218,-24.7437310461,-3.8319683003,20.0162716398
2002-08-28,30.6183543427,-24.7299186754,-3.82250532294,20.2096514627
2002-08-29,30.1757724196,-26.5086403733,-3.69346415467,19.2804943482
2002-08-30,31.0689856338,-26.3845039769,-3.30222185228,20.6227486711
2002-08-31,29.8789801822,-26.6501896511,-4.72645249378,19.5484565424
2002-09-01,30.336234153,-25.232522253,-4.40985133964,20.3284820264
2002-09-02,30.292408187,-24.1241156387,-3.70967363604,20.3683931582
2002-09-03,30.5025980827,-24.8631106748,-3.17232403833,21.224214919
2002-09-04,29.8098082458,-24.8740193661,-3.68537047687,22.6510302001
2002-09-05,30.5079566296,-24.3326197309,-4.83745685274,22.3147761377
2002-09-06,31.530387851,-24.2968160154,-5.96017715592,22.9201395912
2002-09-07,31.3683973071,-24.6678617268,-5.22116368741,21.9843725214
2002-09-08,32.0916692521,-21.8348968189,-4.27419902371,21.4755136603
2002-09-09,32.562983484,-21.3941960459,-5.31516195111,21.6503557615
2002-09-10,32.1491884828,-20.5106764857,-3.41486601244,20.0170244406
2002-09-11,33.7653545771,-21.6710504807,-3.23369774043,18.0698700269
2002-09-12,32.4780151283,-21.4830443978,-3.82564002303,19.1805162863
2002-09-13,33.415408957,-21.2317847971,-3.80777598206,18.1423469281
2002-09-14,33.8877577218,-21.4891607476,-4.47177395333,19.7867742686
2002-09-15,33.0132148539,-22.2137858725,-5.57632634424,20.3685539208
2002-09-16,32.6062024672,-23.5920502712,-6.88081395951,20.5990516973
2002-09-17,31.9835538956,-23.2253012494,-7.31515218583,21.4132198887
2002-09-18,32.2200718007,-23.8754446318,-7.95214055031,21.0115795497
2002-09-19,31.7470965305,-22.0034689903,-8.39110770701,22.9483190322
2002-09-20,32.228749206,-24.9508652913,-8.73242111306,21.1257148225
2002-09-21,31.4672350428,-25.2292333537,-9.0188041871,21.5110896234
2002-09-22,32.3627535634,-23.2472937944,-9.29559299001,22.8554988748
2002-09-23,32.9056551479,-23.9854958914,-10.9157107486,21.3098437703
2002-09-24,34.3699010593,-23.9506123457,-9.74504015658,20.9225413077
2002-09-25,35.0801631187,-24.991857006,-9.53189141613,21.2830129563
2002-09-26,36.3089713585,-24.5299388434,-9.45498441356,21.9697766207
